Date,Open,High,Low,Close,Adj Close,Volume
28/11/2017,43.650002,44.490002,42.82,43.099998,39.9091,2502421
29/11/2017,43.279999,44.77,43.09,44.139999,40.872101,2575655
30/11/2017,44.049999,44.98,43.169998,43.450001,40.233189,4825214
1/12/2017,43.560001,44,43,43.450001,40.233189,2275254
4/12/2017,43.209999,44.189999,43.049999,43.43,40.214672,2067115
5/12/2017,43.98,44,43.200001,43.380001,40.168373,2604092
6/12/2017,43.599998,43.849998,42.18,42.509998,39.362778,3012033
7/12/2017,42.799999,43.18,42.259998,42.509998,39.362778,2192662
8/12/2017,42.93,43.16,42.549999,42.650002,39.49242,2811829
11/12/2017,42.509998,43,42.25,42.360001,39.223888,1336929
13/12/2017,42.720001,44,42.450001,43.849998,40.603577,6021737
14/12/2017,43.849998,44.66,43.59,44.139999,40.872101,3404004
15/12/2017,44.650002,44.650002,43.380001,44.09,40.825806,6065280
18/12/2017,44.189999,44.650002,43.669998,43.82,40.575794,3211518
19/12/2017,44,44.09,42.66,42.75,39.585014,2480438
20/12/2017,42.98,43.259998,42.849998,43,39.816505,2085073
21/12/2017,42.869999,43.150002,42.869999,42.98,39.797985,4346298
22/12/2017,43,43.240002,42.200001,42.279999,39.149811,1345633
26/12/2017,42.209999,42.84,42.029999,42.189999,39.066471,477677
27/12/2017,42.220001,42.77,42.150002,42.380001,39.242409,1690897
28/12/2017,42.459999,43.43,42.459999,43.02,39.835026,1153146
29/12/2017,43.119999,43.59,42.560001,43.509998,40.288746,2163537
2/01/2018,43.720001,43.75,42.91,43.380001,40.168373,1626731
3/01/2018,43.220001,43.650002,43.099998,43.400002,40.186893,1230572
4/01/2018,43.650002,44,43.029999,43.669998,40.436901,2341379
5/01/2018,43.77,44,43.419998,43.540001,40.316532,3034896
8/01/2018,43.639999,43.970001,43.110001,43.509998,40.288746,1886857
9/01/2018,43.259998,43.740002,43.119999,43.630001,40.399864,2832392
10/01/2018,43.41,43.709999,42.849998,43.07,39.881321,2795516
11/01/2018,43.279999,43.57,42.799999,43.450001,40.233189,2369056
12/01/2018,43.07,44.150002,43.07,43.580002,40.353565,2616539
15/01/2018,43.939999,44,43.459999,43.880001,40.631363,396983
16/01/2018,43.869999,44.459999,43.73,44.400002,41.112858,2238622
17/01/2018,44.5,45.849998,44.080002,45.23,41.881409,2882705
18/01/2018,45.450001,45.470001,44.299999,44.91,41.585098,1627084
19/01/2018,44.830002,45.400002,43.900002,44.16,40.890621,3489872
22/01/2018,44.23,45.790001,44.040001,45.599998,42.22401,4981736
23/01/2018,45.75,45.990002,45.139999,45.720001,42.335133,2253247
24/01/2018,45.5,46.68,45.5,46.560001,43.112946,2094032
25/01/2018,46.560001,47.34,45.27,46.07,42.659218,4730468
26/01/2018,46.169998,46.389999,44.91,45.57,42.196236,3363636
29/01/2018,46.5,46.5,45.040001,45.439999,42.075859,3210123
30/01/2018,46.369999,46.369999,44.799999,45.580002,42.205494,1944011
31/01/2018,44.950001,46.139999,44.950001,45.400002,42.038822,3575092
1/02/2018,45.549999,46.5,45.43,46.169998,42.751812,1956128
2/02/2018,45.450001,46.5,45,46.310001,42.881454,2933246
6/02/2018,44.400002,46.349998,44.400002,46.009998,42.603657,4933208
7/02/2018,45.540001,45.990002,45.060001,45.779999,42.390686,4800797
8/02/2018,45.669998,45.669998,44.700001,44.830002,41.511024,3646325
9/02/2018,44.830002,45.700001,44.009998,44.84,41.520279,2168065
12/02/2018,45.060001,45.23,44.009998,44.380001,41.094337,2240400
13/02/2018,44.599998,44.75,43.400002,43.73,40.492462,4465678
14/02/2018,43.669998,44.450001,43.529999,43.950001,40.696171,2462125
15/02/2018,44.279999,44.59,43.52,43.759998,40.520241,2004139
16/02/2018,43.610001,44.209999,43.509998,44.009998,40.751728,1526457
19/02/2018,44.450001,44.450001,43.049999,43.919998,40.668392,268291
20/02/2018,44.130001,44.400002,43.509998,44.060001,40.798031,891929
21/02/2018,44.349998,44.389999,43.599998,43.970001,40.714695,2274814
22/02/2018,43.619999,44.48,43.619999,44.400002,41.112858,1148290
23/02/2018,44.689999,44.700001,43.700001,44.43,41.140636,1121118
26/02/2018,44.450001,44.849998,43.919998,44.200001,40.927666,849300
27/02/2018,44.5,44.5,43.52,44.240002,40.964706,1372652
28/02/2018,44.349998,44.790001,43.529999,44.110001,40.844326,3943370
1/03/2018,44.220001,44.5,43.599998,44.080002,40.816551,1169317
2/03/2018,43.75,43.830002,42.939999,43.040001,39.85355,1579417
5/03/2018,43.740002,43.740002,42.619999,42.73,39.566494,1449342
6/03/2018,42.610001,42.799999,42.27,42.48,39.335007,1641253
7/03/2018,42.279999,42.48,41,41.099998,38.057171,2965954
8/03/2018,41.169998,42.389999,41.169998,42.259998,39.131287,1542063
9/03/2018,42.450001,43.380001,42.360001,42.549999,39.399822,1514465
12/03/2018,43.290001,43.299999,42.91,43.16,39.964661,1400666
13/03/2018,43.139999,43.139999,41.75,41.91,38.807209,2689901
14/03/2018,41.970001,42.470001,41.25,41.59,38.510891,1217582
15/03/2018,41.98,42.139999,41.32,41.66,38.57571,948058
16/03/2018,41.77,42.099998,41,41.259998,38.205326,8455056
20/03/2018,41.16,41.740002,41,41.650002,38.566456,1837052
21/03/2018,41.68,42.75,41.68,42.02,38.909061,2126442
22/03/2018,42.400002,42.400002,41.349998,41.639999,38.557194,1345302
23/03/2018,41.790001,41.799999,41.41,41.52,38.446079,2294588
26/03/2018,41.77,41.77,40.099998,40.759998,37.74234,2712603
27/03/2018,41.099998,41.290001,40.400002,40.759998,37.74234,3023363
28/03/2018,40.860001,40.860001,39.59,39.779999,36.834896,2016984
2/04/2018,39.689999,40,39.150002,39.380001,36.464512,986245
3/04/2018,39.290001,39.91,39.16,39.43,36.510811,2662296
4/04/2018,39.869999,41.5,39.5,41.25,38.196064,2345195
5/04/2018,41.59,41.889999,40.209999,40.939999,37.909016,1705053
6/04/2018,41.200001,41.669998,40.299999,40.799999,37.779381,1400366
9/04/2018,41.360001,41.720001,40.700001,40.889999,37.862717,1197014
10/04/2018,40.810001,41.990002,40.810001,41.41,38.344219,3468845
11/04/2018,41.400002,41.540001,40.84,41.080002,38.038654,3217874
12/04/2018,41.099998,42.869999,41.099998,42.689999,39.529453,2140785
13/04/2018,42.849998,42.849998,41.630001,42.09,38.973881,1525172
16/04/2018,41.990002,41.990002,41.150002,41.509998,38.436817,954586
17/04/2018,41.57,43.5,41.509998,42.939999,39.760944,2491678
18/04/2018,43.43,43.799999,42.48,43.66,40.427647,1925181
19/04/2018,43.009998,43.439999,42.599998,43.049999,39.862801,2201460
20/04/2018,43.150002,43.439999,42.509998,43.259998,40.057259,1166868
23/04/2018,43.16,43.990002,42.540001,42.759998,39.594269,1014259
24/04/2018,43.200001,43.220001,42.509998,43.040001,39.85355,718031
25/04/2018,42.82,43.470001,42.610001,43.27,40.066517,759337
26/04/2018,43.18,43.740002,42.720001,43.099998,39.9091,994477
27/04/2018,43.439999,43.799999,43.209999,43.290001,40.085041,922435
30/04/2018,43.700001,43.860001,43.209999,43.529999,40.307266,1658792
2/05/2018,43.400002,43.400002,41.959999,42.459999,39.316486,2361668
3/05/2018,42.220001,42.27,41.07,41.139999,38.410831,2430743
4/05/2018,41.139999,41.290001,40.619999,41.189999,38.457516,1449684
7/05/2018,41.349998,41.400002,40.509998,40.66,37.962673,2258609
8/05/2018,40.759998,41.400002,40.52,40.84,38.130733,1144392
9/05/2018,40.799999,40.799999,39.34,39.59,36.963657,1591640
10/05/2018,39.689999,40.779999,39.689999,40.349998,37.673233,1920308
11/05/2018,40.349998,40.990002,39.610001,39.98,37.327782,1646230
14/05/2018,40,40.290001,39.66,39.950001,37.299774,1342007
15/05/2018,39.880001,40,39.400002,39.959999,37.309109,1789193
16/05/2018,39.830002,40.5,39.75,40.09,37.430485,987602
17/05/2018,40.119999,40.259998,38.419998,38.759998,36.188717,1786840
18/05/2018,38.669998,39.080002,38.060001,38.900002,36.319431,2032066
21/05/2018,38.52,39.169998,38.259998,38.41,35.861938,1343089
22/05/2018,38.549999,39.669998,38.07,39.349998,36.739574,1160875
23/05/2018,39.459999,40.009998,38.66,39.630001,37.001003,1241903
24/05/2018,39.509998,40,38.720001,39.41,36.795597,931782
25/05/2018,39.869999,39.959999,37.25,37.98,35.460461,3633871
28/05/2018,37.790001,38.490002,37.779999,37.900002,35.385773,395495
29/05/2018,37.759998,38.490002,37.049999,37.32,34.844242,1476787
30/05/2018,37.259998,38.25,37.200001,37.849998,35.339088,1923435
31/05/2018,37.73,38.380001,37.349998,38.060001,35.535156,6335394
1/06/2018,38.099998,38.939999,37.25,37.349998,34.872253,1609785
4/06/2018,37.400002,37.779999,36.02,36.279999,33.873238,2169404
5/06/2018,36.279999,37.130001,36.169998,36.75,34.312057,2165261
6/06/2018,36.75,36.799999,36.029999,36.220001,33.817219,1801567
7/06/2018,36.259998,36.279999,34.919998,35.07,32.743504,3068073
8/06/2018,35.220001,35.849998,35.16,35.73,33.359722,3069186
11/06/2018,35.830002,36.75,35.529999,36.68,34.246704,3793130
12/06/2018,36.799999,36.970001,36.52,36.66,34.228035,2612515
13/06/2018,36.709999,36.950001,36.380001,36.529999,34.106647,2095992
14/06/2018,36.119999,37.5,36.110001,36.73,34.293388,3459346
15/06/2018,36.900002,37.220001,36.299999,36.869999,34.424095,10664367
18/06/2018,37,37.689999,36.099998,37.110001,34.648174,1919103
19/06/2018,37.02,37.099998,36.529999,37,34.545475,2439064
20/06/2018,37.09,37.290001,36.709999,37.029999,34.573483,3254686
21/06/2018,36.700001,37.259998,36.509998,36.779999,34.340065,2695053
22/06/2018,36.889999,37.299999,36.509998,37.220001,34.750885,2372754
25/06/2018,37.310001,37.450001,37.110001,37.310001,34.834911,2136714
26/06/2018,37.110001,37.48,36.93,37.220001,34.750885,1416256
27/06/2018,37.23,37.330002,36.509998,36.66,34.228035,2168803
28/06/2018,36.759998,37.240002,36.32,37.119999,34.657513,5031513
29/06/2018,37.25,39.57,37.240002,38.689999,36.123363,4667237
2/07/2018,38.290001,38.490002,37.259998,37.439999,34.95628,1999063
3/07/2018,37.470001,38.540001,36.950001,37.07,34.610828,1754873
4/07/2018,37.060001,37.990002,37.049999,37.919998,35.404442,674299
5/07/2018,37.990002,39.990002,37.700001,39.759998,37.122379,2816574
6/07/2018,39.669998,41,39.48,40.310001,37.635895,2807374
9/07/2018,40.529999,41.169998,39.52,40.389999,37.710587,1480817
10/07/2018,40,40.360001,39.290001,40.299999,37.626553,2767584
11/07/2018,40.32,40.32,39.75,39.939999,37.29044,2139260
12/07/2018,40.029999,40.439999,39.700001,40.009998,37.355793,1868380
13/07/2018,40,40.110001,39.43,39.619999,36.991665,2363848
16/07/2018,39.779999,39.779999,38.849998,38.98,36.394123,714331
17/07/2018,38.799999,38.900002,38.009998,38.18,35.647194,1575840
18/07/2018,38.27,39.549999,38.060001,38.900002,36.319431,2049359
19/07/2018,38.619999,39.139999,38.349998,38.84,36.263409,882888
20/07/2018,38.799999,39.98,38.799999,39.849998,37.206409,1137881
23/07/2018,39.889999,39.939999,38.25,38.439999,35.889946,1141950
24/07/2018,38.560001,38.950001,38.389999,38.630001,36.067345,1326794
25/07/2018,38.900002,39.84,37.91,38.009998,35.488472,2367418
26/07/2018,38.299999,38.799999,37.830002,38.18,35.647194,2422890
27/07/2018,38.5,39.529999,38.150002,39.099998,36.506165,2487877
30/07/2018,38.529999,39.98,38.48,39.740002,37.103706,2080834
31/07/2018,39.599998,40.5,39.290001,39.66,37.029015,2970063
1/08/2018,39.919998,39.919998,38.360001,38.48,35.927292,1410045
2/08/2018,38.48,38.759998,38,38.259998,35.721882,943282
3/08/2018,38.450001,39.740002,38.16,39.18,36.580856,1516035
6/08/2018,39.18,39.970001,39.18,39.259998,36.655548,1205270
7/08/2018,39.580002,40.689999,39.470001,40.330002,37.654568,2469347
8/08/2018,39.98,40.509998,39.52,39.970001,37.318455,2068778
9/08/2018,40.080002,40.16,39.5,39.57,36.944984,1210215
10/08/2018,39.450001,39.450001,38.57,38.799999,36.226063,6877023
13/08/2018,38.990002,40.16,38.91,39.16,36.56218,1034823
14/08/2018,39.279999,39.959999,38.919998,39.48,36.860954,1511646
15/08/2018,39.209999,39.810001,38.509998,38.630001,36.067345,1391178
16/08/2018,38.98,39.200001,38.549999,38.959999,36.37545,1417113
17/08/2018,38.959999,39.490002,38.700001,39.099998,36.506165,1796295
20/08/2018,38.91,40.130001,38.91,39.939999,37.29044,1288394
21/08/2018,40,40.799999,39.389999,40.299999,37.626553,3490119
22/08/2018,40.09,40.599998,40.09,40.5,37.81329,2102886
23/08/2018,40.57,41,40.09,40.259998,37.589207,1384262
24/08/2018,40.139999,41,39.849998,40.240002,37.570538,1076487
27/08/2018,40.400002,41.099998,40.099998,40.630001,37.934666,1116757
28/08/2018,40.799999,41,39.580002,39.900002,37.253098,2139089
29/08/2018,39.900002,40.75,39.799999,40.66,37.962673,1888481
30/08/2018,40.509998,40.75,39.400002,39.490002,36.870289,1343549
31/08/2018,39.400002,40.400002,39.099998,39.75,37.113045,3423224
3/09/2018,39.59,40.27,39.59,39.779999,37.141052,379390
4/09/2018,39.209999,39.919998,39.209999,39.380001,36.767586,1483610
5/09/2018,39.439999,39.919998,38.630001,38.740002,36.17004,1343272
6/09/2018,38.790001,39.66,38.310001,38.41,35.861938,1815709
7/09/2018,38.330002,39,38,38.810001,36.235397,1744266
10/09/2018,38.970001,39.200001,38.400002,38.84,36.263409,2684611
11/09/2018,38.700001,39.130001,38.48,38.720001,36.151367,3684560
12/09/2018,38.630001,38.970001,38.5,38.880001,36.300755,3007101
13/09/2018,39,39.25,38.860001,38.959999,36.37545,2778991
14/09/2018,38.639999,39.91,38.52,39.779999,37.141052,2786516
17/09/2018,39.639999,40.509998,39.34,40,37.346458,2079194
18/09/2018,40.139999,40.669998,40,40.5,37.81329,2322244
19/09/2018,40.150002,40.799999,40.09,40.48,37.794617,2695036
20/09/2018,40.549999,40.599998,39.919998,40.119999,37.458492,1673448
21/09/2018,39.880001,40.889999,39.880001,40.25,37.579876,24400996
24/09/2018,40.139999,40.799999,39.889999,40.389999,37.710587,1718224
25/09/2018,40.529999,40.889999,40,40.619999,37.925331,1988574
26/09/2018,40.720001,40.880001,40.360001,40.689999,37.990681,1018761
27/09/2018,40.790001,41.200001,40.349998,40.560001,37.869308,1585671
28/09/2018,40.52,41.07,39.779999,39.91,37.262428,1313125
1/10/2018,39.959999,40.84,39.709999,39.860001,37.215744,1131827
2/10/2018,39.950001,40.139999,38.91,39.040001,36.450146,2861891
3/10/2018,39.130001,39.450001,38.759998,38.82,36.244736,2040122
4/10/2018,39.099998,39.099998,38.400002,38.549999,35.992649,1251673
5/10/2018,38.549999,38.950001,38.07,38.189999,35.656528,1423747
8/10/2018,38.029999,38.869999,38.029999,38.310001,35.76857,1765650
9/10/2018,38.209999,38.810001,38.02,38.540001,35.983315,1818975
10/10/2018,38.77,38.939999,38.099998,38.27,35.731224,1686629
11/10/2018,38.68,39.48,38.299999,38.610001,36.048672,6007972
12/10/2018,38.759998,38.77,37.049999,37.349998,34.872253,2508070
15/10/2018,37.240002,37.529999,36.709999,37.34,34.862926,1493231
16/10/2018,37.5,38.299999,37.389999,38.220001,35.684544,1471488
17/10/2018,38.02,38.09,37.5,37.669998,35.171024,1285621
18/10/2018,37.98,37.98,37.18,37.459999,34.974957,1511850
19/10/2018,37.689999,37.689999,36.610001,36.779999,34.340065,1997346
22/10/2018,36.939999,37.009998,36.02,36.779999,34.340065,2054727
23/10/2018,36.529999,37.619999,36.02,37.220001,34.750885,1871448
24/10/2018,37.18,37.330002,36.299999,36.380001,33.966606,1108369
25/10/2018,36.5,39.25,36.5,38.299999,35.759232,3703725
26/10/2018,38.189999,38.990002,37.619999,38.200001,35.665867,1304649
29/10/2018,38.369999,39.16,35.700001,36.400002,33.985279,3737018
30/10/2018,36.779999,38.099998,36.759998,37.889999,35.376431,3076522
31/10/2018,38.200001,38.799999,36.619999,38.049999,35.525814,5581416
1/11/2018,38.220001,39.119999,37.459999,38.700001,36.132698,3534083
5/11/2018,38.720001,40.459999,38.459999,40.220001,37.551865,3787052
6/11/2018,40.150002,40.5,39.009998,39.220001,36.618206,4062603
7/11/2018,39.48,39.990002,39.41,39.98,37.327782,2983671
8/11/2018,39.52,39.990002,38.07,38.529999,35.973976,3057219
9/11/2018,38.400002,41.700001,36.459999,40.66,37.962673,7152613
12/11/2018,40.5,40.5,38.799999,39.279999,36.674221,3772126
13/11/2018,39.189999,39.299999,37.900002,37.959999,35.441788,2903258
14/11/2018,38.330002,38.889999,37.720001,37.970001,35.45113,5356261
15/11/2018,38.099998,38.380001,37,37.200001,34.732212,2473467
16/11/2018,37.099998,38.900002,37.040001,38.810001,36.235397,2403721
20/11/2018,38.330002,39.240002,38,38.900002,36.319431,1640764
21/11/2018,39.41,39.599998,38.349998,38.630001,36.067345,1679308
22/11/2018,39,39,37.98,38.119999,35.591171,882746
23/11/2018,38.450001,38.669998,37.369999,37.509998,35.021637,1465510
26/11/2018,37.419998,37.689999,35.849998,36.790001,34.349403,4025659
27/11/2018,37.080002,38.970001,37.080002,38.720001,36.151367,3587109
28/11/2018,39,39.84,38.509998,39.709999,37.075695,3340474
29/11/2018,39.700001,40,39.490002,39.990002,37.337128,3656218
30/11/2018,39.990002,39.990002,38.790001,39,36.412796,5491052
3/12/2018,39.299999,40,38.200001,39.060001,36.468815,3003384
4/12/2018,39.220001,39.220001,38,38.540001,35.983315,3101046
5/12/2018,38.970001,39,38.610001,38.970001,36.384789,715949
6/12/2018,38.540001,39,37.52,38.919998,36.3381,1815840
7/12/2018,39,39.43,38.439999,39,36.412796,1122520
10/12/2018,39.259998,39.439999,38.049999,38.950001,36.366112,1191547
11/12/2018,38.91,39.009998,38.25,38.57,36.011322,1317476
13/12/2018,38.599998,39,37.990002,38.450001,35.899281,3631978
14/12/2018,38.580002,39.23,38.419998,38.779999,36.20739,1903414
17/12/2018,39,39,37.610001,37.77,35.264389,1163179
18/12/2018,38.02,38.610001,37.200001,38.48,35.927292,1868984
19/12/2018,37.82,39.130001,37.82,38.779999,36.20739,2505982
20/12/2018,39.09,40,38.279999,39.93,37.281101,2304310
21/12/2018,39.66,39.880001,38.200001,38.639999,36.076679,8417249
24/12/2018,38.439999,39.099998,38.439999,38.970001,36.384789,277362
26/12/2018,38.740002,39,38.630001,38.860001,36.282082,561309
27/12/2018,38.700001,39.41,38.52,39.23,36.627537,1054535
28/12/2018,39.5,39.549999,38.549999,38.830002,36.254074,625367
31/12/2018,38.639999,39.349998,38.5,39.150002,36.552849,1162672
2/01/2019,38.790001,39.490002,38.580002,39.32,36.711571,925915
3/01/2019,39.040001,39.630001,38.59,39.32,36.711571,1574973
4/01/2019,39.349998,39.700001,38.779999,39.389999,36.776924,1882812
7/01/2019,39.189999,39.59,38.799999,39.110001,36.515499,1567381
8/01/2019,39.5,39.5,38.900002,39.259998,36.655548,1776183
9/01/2019,39.360001,39.470001,39,39.389999,36.776924,2862225
10/01/2019,39.450001,39.740002,38.900002,39.610001,36.98233,1853031
11/01/2019,39.700001,39.869999,38.32,38.59,36.029995,2441188
14/01/2019,38.630001,38.990002,37.84,37.959999,35.441788,2090322
15/01/2019,37.959999,38.779999,37.849998,38.68,36.114029,2972419
16/01/2019,38.799999,39.119999,38.509998,38.889999,36.310093,1747348
17/01/2019,38.98,38.990002,38.209999,38.450001,35.899281,2928069
18/01/2019,38.77,38.880001,38.080002,38.299999,35.759232,2096321
21/01/2019,38.25,38.799999,38.209999,38.720001,36.151367,561576
22/01/2019,38.810001,38.939999,38,38.610001,36.048672,1602012
23/01/2019,38.57,38.720001,37.549999,37.900002,35.385773,1746578
24/01/2019,38.110001,38.34,37.509998,37.630001,35.133682,1884446
25/01/2019,37.900002,38.5,37.700001,37.900002,35.385773,2182667
28/01/2019,37.75,38.310001,37.130001,37.389999,34.909595,3335168
29/01/2019,37.740002,37.799999,37.009998,37.349998,34.872253,1753290
30/01/2019,37.259998,37.740002,36.52,37.360001,34.881596,2151584
31/01/2019,37.450001,38.380001,37.450001,37.810001,35.301743,2621344
1/02/2019,37.900002,38,36.400002,36.849998,34.405418,2906745
5/02/2019,36.799999,37.91,36.799999,37.400002,34.918938,1587887
6/02/2019,37.599998,37.889999,36.73,36.919998,34.470779,2591568
7/02/2019,36.830002,37.59,36.830002,37.450001,34.965622,1171378
8/02/2019,37.509998,37.509998,36.75,36.84,34.396088,1062351
11/02/2019,36.700001,37.599998,36.700001,37.450001,34.965622,2695946
12/02/2019,37.450001,37.59,37.099998,37.209999,34.741539,2740668
13/02/2019,37.369999,37.43,36.34,36.48,34.059967,1977790
14/02/2019,36.59,36.610001,36,36.349998,33.938591,1481985
15/02/2019,36.540001,36.740002,36.049999,36.639999,34.209358,1816858
18/02/2019,36.509998,36.900002,36.240002,36.540001,34.115993,89495
19/02/2019,36.610001,37.029999,36.099998,36.279999,33.873238,2063748
20/02/2019,36.470001,36.91,35.669998,35.880001,33.499775,3101289
21/02/2019,36,36.18,35.57,35.82,33.443752,1814268
22/02/2019,37.099998,38,37.099998,37.669998,35.171024,9710278
25/02/2019,37.669998,38.200001,37.290001,37.389999,34.909595,3349331
26/02/2019,37.48,38.389999,37.459999,37.970001,35.45113,8783974
27/02/2019,38.16,38.700001,37.610001,38.470001,35.917953,3444175
28/02/2019,38.540001,38.98,37.799999,38.23,35.693874,7375097
1/03/2019,38.040001,38.799999,38,38.349998,35.805916,3624259
4/03/2019,38.439999,38.560001,37.880001,38.150002,35.619186,2274613
5/03/2019,38.02,38.450001,37.950001,38.240002,35.703217,2085832
6/03/2019,38.240002,39.240002,38.150002,38.389999,35.843262,2639984
7/03/2019,38.18,38.77,37.5,37.720001,35.217709,4163943
8/03/2019,37.689999,38.240002,37.259998,37.959999,35.441788,4370621
11/03/2019,38.099998,38.599998,38.029999,38.529999,35.973976,2175790
12/03/2019,38.650002,38.759998,37.98,38.029999,35.507141,3199542
13/03/2019,38.389999,38.700001,38,38.470001,35.917953,5222792
14/03/2019,38.700001,39.189999,37.84,38.48,35.927292,3944213
15/03/2019,38.580002,38.849998,38,38.790001,36.216724,11638754
19/03/2019,38.869999,39.150002,38.23,38.73,36.160706,4880938
20/03/2019,38.91,39.549999,38.630001,39.450001,36.832943,5109847
21/03/2019,39.450001,39.990002,38.779999,39.720001,37.08503,3852927
22/03/2019,39.25,39.84,38.950001,39.09,36.496826,3162889
25/03/2019,39.099998,39.689999,38.900002,39.549999,36.926308,2857567
26/03/2019,39.310001,40,39.02,39.619999,36.991665,4272029
27/03/2019,39.700001,40.740002,39.09,40.5,37.81329,5373772
28/03/2019,40.549999,40.990002,40.130001,40.439999,37.757267,2147761
29/03/2019,40.59,40.779999,40.400002,40.580002,37.887985,3099323
1/04/2019,40.98,41.599998,40.889999,41.150002,38.42017,2733864
2/04/2019,41,41.040001,40.5,40.73,38.028027,2217174
3/04/2019,40.779999,41.59,40.5,40.610001,37.915993,2548450
4/04/2019,40.599998,41.48,40.5,41.209999,38.476189,2061608
5/04/2019,41.310001,42.43,41.029999,42.110001,39.316483,3309810
8/04/2019,42.389999,42.389999,41.099998,41.970001,39.185772,2373890
9/04/2019,41.860001,41.860001,40.5,40.970001,38.252113,3248910
10/04/2019,41.02,41.759998,40.900002,41.41,38.662918,2089036
11/04/2019,41.349998,41.349998,40.040001,40.66,37.962673,1792093
12/04/2019,40.810001,40.990002,39.970001,40.279999,37.60788,1168660
15/04/2019,40.240002,40.400002,39.599998,40,37.346458,1504661
16/04/2019,40.07,40.880001,40.07,40.459999,37.775944,1394567
17/04/2019,40.509998,41.34,39.810001,40.52,37.831963,3664876
22/04/2019,40.52,40.990002,40,40.52,37.831963,1385147
23/04/2019,40.240002,40.950001,40.040001,40.669998,37.972015,3967630
24/04/2019,40.689999,41.700001,40.380001,41.150002,38.42017,1823562
25/04/2019,41.27,41.759998,40.779999,41.639999,38.877659,3042554
26/04/2019,41.790001,42.290001,41.389999,42.09,39.29781,2624730
29/04/2019,42.220001,42.380001,41.32,41.799999,39.02705,3563252
30/04/2019,41.650002,42.5,40.43,42.220001,39.419186,2006222
2/05/2019,42.139999,42.900002,41.549999,42.59,39.764645,2988222
3/05/2019,42.700001,43.330002,42,42.889999,40.044735,4570050
6/05/2019,42.98,43.599998,42.040001,43.029999,40.175449,2983574
7/05/2019,42.959999,42.970001,42.07,42.43,39.615257,1905214
8/05/2019,42.290001,43.75,41.900002,43.040001,40.184792,2888509
9/05/2019,42.299999,42.43,41.040001,41.610001,39.260136,2373937
10/05/2019,41.400002,42.040001,40.75,41.84,39.477142,1419260
13/05/2019,41.84,42.349998,40.52,41.939999,39.571495,3317994
14/05/2019,41.009998,42.790001,41.009998,42.439999,40.043255,3817659
15/05/2019,41.830002,42.299999,41.540001,42.09,39.713024,2116515
16/05/2019,42.220001,42.279999,41.119999,41.439999,39.099728,3232528
17/05/2019,41.259998,42.110001,41.200001,41.369999,39.033688,2270128
20/05/2019,41.349998,41.59,40.599998,41.299999,38.967636,2273228
21/05/2019,41.400002,41.560001,40.25,40.48,38.193951,2465683
22/05/2019,40.549999,40.549999,39.700001,40.139999,37.87315,1097211
23/05/2019,39.91,40.380001,39.360001,39.700001,37.458,1385019
24/05/2019,39.790001,39.860001,39.099998,39.639999,37.401382,1680094
27/05/2019,39.400002,40.07,39.279999,39.82,37.57122,996789
28/05/2019,39.720001,39.799999,38.860001,39.060001,36.854137,8202669
29/05/2019,38.82,39.889999,38.82,39.439999,37.212677,2161517
30/05/2019,39.419998,40.5,39.209999,39.689999,37.448563,1274736
31/05/2019,39.200001,40.169998,38.279999,39.549999,37.316467,6519702
3/06/2019,39.580002,40.490002,38.98,39.810001,37.561787,2607732
4/06/2019,39.700001,40.240002,39.25,40.02,37.759926,2293731
5/06/2019,39.799999,40.25,39.529999,40.009998,37.750488,1322031
6/06/2019,40.130001,40.75,39.599998,40.139999,37.87315,3370845
7/06/2019,40.209999,41.700001,40.009998,41.32,38.986507,1929598
10/06/2019,41.630001,41.880001,40.299999,40.380001,38.099594,2511747
11/06/2019,40.52,40.889999,40.150002,40.560001,38.269432,1575792
12/06/2019,40.450001,40.75,40.049999,40.189999,37.920322,1784459
13/06/2019,40.099998,40.380001,38.869999,39.099998,36.891876,3315431
14/06/2019,39.299999,39.720001,38.860001,39.599998,37.36364,1429771
17/06/2019,39.740002,41.09,39.299999,39.939999,37.684441,2588010
18/06/2019,40.02,41.040001,39.66,40.09,37.825974,1477432
19/06/2019,40.16,40.82,39.09,40.75,38.4487,2578817
20/06/2019,40.970001,41.549999,40.400002,40.48,38.193951,2625917
21/06/2019,40.389999,40.98,39.599998,40.02,37.759926,10119269
24/06/2019,40.169998,41.099998,40.09,40.970001,38.656273,1251425
25/06/2019,40.91,41.509998,40.830002,41.07,38.750626,1577635
26/06/2019,40.990002,41.599998,40.939999,41.099998,38.778931,1718554
27/06/2019,41.32,41.34,40.490002,40.970001,38.656273,1772614
28/06/2019,40.970001,41.080002,39.720001,40.029999,37.76936,1789247
1/07/2019,40.240002,40.490002,39.810001,40.110001,37.844845,1332816
2/07/2019,40.380001,41.279999,40.150002,40.43,38.14677,1632580
3/07/2019,40.59,40.779999,40,40.5,38.212818,919765
4/07/2019,40.220001,40.68,40.209999,40.330002,38.052422,75806
5/07/2019,40.23,40.619999,39.900002,40.25,37.976936,1123494
8/07/2019,40.110001,40.509998,40,40.060001,37.797665,1087735
9/07/2019,40.18,40.509998,39.75,40.07,37.807098,1159973
10/07/2019,40.240002,40.689999,39.630001,40.009998,37.750488,1626317
11/07/2019,40.110001,40.580002,39.959999,40.369999,38.09016,1025729
12/07/2019,40.189999,40.5,40.040001,40.310001,38.033546,1157373
15/07/2019,40.209999,40.599998,39.91,40.509998,38.222252,629448
16/07/2019,40.669998,40.759998,40.099998,40.470001,38.184513,667004
17/07/2019,40.790001,40.939999,40.18,40.759998,38.45813,972929
18/07/2019,40.66,41.290001,40.599998,40.900002,38.590233,2663609
19/07/2019,40.720001,41.27,40.080002,40.380001,38.099594,1764634
22/07/2019,40.48,40.48,39.02,39.740002,37.495739,1187245
23/07/2019,38.990002,38.990002,35.900002,36.25,34.202827,17814697
24/07/2019,36.150002,37.400002,36.07,36.689999,34.617981,10411161
25/07/2019,36.5,36.970001,35.860001,36.279999,34.231133,6022327
26/07/2019,36.189999,37.860001,36.189999,36.82,34.740639,3946130
29/07/2019,36.75,36.75,36.299999,36.380001,34.325489,2911333
30/07/2019,36.470001,37.400002,36.400002,36.610001,34.542503,2493559
31/07/2019,36.52,36.939999,36.139999,36.5,34.438713,3224403
1/08/2019,36.5,36.98,35.439999,35.709999,33.693329,3501820
2/08/2019,35.630001,35.630001,34.560001,35.23,33.240433,3207428
5/08/2019,34.970001,36,34.560001,35.650002,33.636719,4111816
6/08/2019,35.57,36.23,35.439999,35.98,33.948082,3726630
7/08/2019,35.700001,36.5,35.5,36.169998,34.127342,3422922
8/08/2019,36.290001,36.290001,35.560001,35.759998,33.740505,4001761
9/08/2019,35.630001,35.959999,35.310001,35.639999,33.627281,2377489
12/08/2019,35.599998,35.599998,35.009998,35.279999,33.287613,1791103
13/08/2019,35.200001,35.700001,34.43,34.650002,32.693192,2881363
14/08/2019,34.52,34.52,33.169998,33.349998,31.466604,4934650
15/08/2019,33.470001,34.75,33.040001,33.919998,32.004414,3462416
16/08/2019,34.169998,34.5,33.610001,34.119999,32.193119,2938639
19/08/2019,34.369999,34.82,34.049999,34.220001,32.287468,2882820
20/08/2019,34.400002,34.59,33.59,33.669998,31.76853,2738959
21/08/2019,33.82,33.869999,32.93,33.139999,31.268465,3127595
22/08/2019,33.310001,33.799999,33.200001,33.360001,31.476038,1934279
23/08/2019,33.360001,33.490002,32.799999,32.98,31.117498,2784918
26/08/2019,33.290001,33.380001,32.549999,32.830002,30.975971,1927948
27/08/2019,32.919998,33.630001,32.919998,33.27,31.391121,9891370
28/08/2019,33.439999,34,33.34,33.73,31.825144,4183348
29/08/2019,33.990002,34.759998,33.799999,34.599998,32.646011,3320393
30/08/2019,34.849998,35.599998,34.599998,35.07,33.08947,4815920
2/09/2019,35.119999,35.490002,34.619999,35.189999,33.20269,530563
3/09/2019,35.349998,35.349998,34.009998,34.200001,32.268604,2979906
4/09/2019,34.34,37.150002,34.34,36.549999,34.485889,8841066
5/09/2019,36.98,37.970001,36.099998,37.040001,34.948215,4163736
6/09/2019,37.139999,37.919998,36.84,37.279999,35.17466,2611022
9/09/2019,37.560001,37.939999,36.810001,36.91,34.825554,2469060
10/09/2019,36.889999,38,36.099998,37.299999,35.193531,2956646
11/09/2019,37.360001,37.360001,36.490002,36.740002,34.665161,2578696
12/09/2019,36.810001,37.279999,35.84,36.150002,34.108482,1871432
13/09/2019,36.07,36.860001,35.900002,36.73,34.655727,1353427
17/09/2019,36.73,36.799999,35.889999,36.23,34.18396,3795906
18/09/2019,36.23,36.389999,35.669998,35.849998,33.825417,2537841
19/09/2019,36,36.290001,35.98,36.07,34.032993,1427490
20/09/2019,36.119999,37.540001,35.709999,37.07,34.976521,27415081
23/09/2019,37.09,38.279999,36.57,37.900002,35.759655,5468543
24/09/2019,37.630001,37.919998,36.450001,36.68,34.608543,3065466
25/09/2019,36.630001,36.740002,36.049999,36.18,34.136787,1699058
26/09/2019,36.400002,36.66,35.990002,36.07,34.032993,2322961
27/09/2019,36.150002,36.34,35.84,36.049999,34.014126,786547
30/09/2019,36.23,36.400002,35.630001,35.990002,33.957516,1709166
1/10/2019,35.950001,36.349998,35.950001,36.240002,34.193394,1278509
2/10/2019,36.009998,36.32,34.799999,35.48,33.476315,2771020
3/10/2019,35.48,35.790001,35.25,35.279999,33.287613,961373
4/10/2019,35.5,35.990002,35.290001,35.779999,33.759365,1277308
7/10/2019,35.77,35.830002,34.799999,34.98,33.004555,1454539
8/10/2019,35.029999,35.639999,34.509998,34.720001,32.759235,1368185
9/10/2019,34.889999,35.48,34.869999,35.029999,33.051727,903924
10/10/2019,35.029999,35.889999,35.029999,35.389999,33.391396,1704015
11/10/2019,35.5,36,35.349998,35.639999,33.627281,1034093
14/10/2019,35.580002,35.990002,34.75,34.830002,32.863022,1398696
15/10/2019,35.009998,35.43,34.75,35.220001,33.230995,919770
16/10/2019,35.32,35.380001,34.57,34.919998,32.947937,2246498
17/10/2019,34.900002,35.25,34.849998,35.080002,33.098907,1945943
18/10/2019,34.849998,35.200001,34,34.060001,32.136509,2444973
21/10/2019,34.200001,34.41,33.66,34.209999,32.278034,2318557
22/10/2019,34.259998,34.580002,33.560001,33.759998,31.853447,2965087
23/10/2019,33.91,34.110001,33.509998,33.610001,31.711922,1953355
24/10/2019,33.709999,34.220001,33.5,33.919998,32.004414,1866101
25/10/2019,34.32,35.950001,34.32,35.889999,33.863159,2206816
28/10/2019,35.73,36.279999,35.509998,36.049999,34.014126,1698193
29/10/2019,36.110001,37.099998,36.07,36.950001,34.8633,2314239
30/10/2019,36.990002,37.490002,36.580002,36.959999,34.872734,2080865
31/10/2019,37.049999,37.369999,35.57,35.740002,33.721634,2891442
1/11/2019,35.939999,36.68,35.939999,36.41,34.353794,2533139
4/11/2019,36.509998,36.830002,36.279999,36.540001,34.476456,1157576
5/11/2019,36.669998,37,36.299999,36.889999,34.80669,2055263
6/11/2019,36.880001,36.889999,36.009998,36.189999,34.146217,2193010
7/11/2019,36.290001,36.790001,36.279999,36.720001,34.646286,1225609
8/11/2019,36.66,36.740002,35.720001,35.869999,33.844292,1083849
11/11/2019,35.799999,36.66,35.759998,36.540001,34.476456,573389
12/11/2019,36.240002,36.470001,35.02,35.200001,33.212132,2009557
13/11/2019,35.130001,35.400002,34.779999,35.110001,33.127209,1170220
14/11/2019,35.27,35.279999,34.669998,34.959999,32.98568,1466944
15/11/2019,35.029999,35.369999,34.82,35.18,33.19326,946059
19/11/2019,35.349998,35.450001,34.5,34.619999,32.664883,2119010
20/11/2019,34.68,34.889999,34.200001,34.389999,32.447872,1231052
21/11/2019,34.599998,34.599998,34,34.18,32.249733,1801559
22/11/2019,34.240002,34.349998,33.66,34.049999,32.127071,2038087
25/11/2019,34.099998,34.540001,33.82,34.169998,32.240292,1728870
26/11/2019,34.169998,34.18,33,33.43,31.542088,18455542
27/11/2019,33.560001,33.720001,33.18,33.360001,31.476038,1949288
28/11/2019,33.389999,33.709999,33.299999,33.580002,31.683617,394230
29/11/2019,33.610001,33.959999,33.25,33.799999,31.891191,1469591
2/12/2019,33.709999,34.09,33.669998,33.849998,31.938368,1377462
3/12/2019,33.66,33.799999,33.610001,33.720001,31.815714,1312952
4/12/2019,33.689999,34.049999,33.529999,33.720001,31.815714,1305539
5/12/2019,33.669998,33.860001,33.16,33.279999,31.400555,1645932
6/12/2019,33.299999,33.43,33,33.040001,31.174112,1323501
9/12/2019,33,33.5,32.75,32.93,31.070322,944071
10/12/2019,33.099998,33.59,32.91,33.259998,31.381687,1795827
11/12/2019,33.299999,34.599998,33.110001,34.310001,32.372395,2768165
13/12/2019,34.439999,34.439999,33.66,33.75,31.844015,2006640
16/12/2019,33.82,34.130001,33.41,33.82,31.910061,1018133
17/12/2019,33.98,33.990002,33.689999,33.779999,31.872316,2295550
18/12/2019,33.619999,34.360001,33.549999,34.189999,32.259167,2256778
19/12/2019,34.419998,34.599998,33.849998,34.509998,32.561092,1574806
20/12/2019,34.209999,34.990002,34.060001,34.849998,32.881893,7906064
23/12/2019,34.889999,34.939999,34,34.130001,32.202557,1225647
24/12/2019,34,34.139999,33.75,33.810001,31.900625,208730
26/12/2019,34,34.009998,33.470001,33.740002,31.834583,381414
27/12/2019,33.919998,34.98,33.869999,34.880001,32.910194,1521897
30/12/2019,34.73,34.98,34.220001,34.880001,32.910194,1825274
31/12/2019,34.880001,34.880001,34.880001,34.880001,32.910194,0
2/01/2020,34.700001,35.48,34.700001,35.360001,33.363094,1921093
3/01/2020,35.040001,35.48,34.860001,35.369999,33.372528,1480200
6/01/2020,35.139999,35.860001,35.139999,35.525002,33.518772,868430
7/01/2020,35.540001,35.540001,34.950001,35.049999,33.070599,1167362
8/01/2020,34.970001,35.5,34.529999,35.02,33.042294,1531001
9/01/2020,35.130001,36.27,34.82,35.830002,33.806553,3315022
10/01/2020,35.950001,36.16,35.34,35.689999,33.674454,1353998
13/01/2020,35.700001,36,35.41,35.790001,33.76881,1989744
14/01/2020,35.82,35.880001,35.110001,35.580002,33.570667,4558587
15/01/2020,35.5,35.68,34.650002,34.98,33.004555,1964214
16/01/2020,35.07,35.490002,34.68,35.299999,33.30648,6819782
17/01/2020,35.220001,35.759998,35.139999,35.689999,33.674454,2561611
20/01/2020,35.73,36.16,35.73,36.040001,34.004688,1428131
21/01/2020,35.799999,36.150002,35.150002,35.82,33.797112,3674913
22/01/2020,35.82,35.959999,34.689999,34.810001,32.844158,7312231
23/01/2020,34.810001,34.810001,34,34.529999,32.579964,1655615
24/01/2020,34.59,34.59,33.419998,33.5,31.608133,1568988
27/01/2020,33.25,33.389999,32.450001,32.724998,30.876898,2288126
28/01/2020,32.970001,33.880001,32.970001,33.869999,31.957233,1305438
29/01/2020,33.919998,34.200001,33.299999,33.880001,31.966673,1224511
30/01/2020,34.099998,34.099998,33.400002,34.049999,32.127071,1708748
31/01/2020,34.009998,34.009998,32.900002,33.805,31.895908,3699767
4/02/2020,33.810001,34.43,33.799999,34.285,32.348801,2501387
5/02/2020,34.48,34.5,33.509998,33.98,32.06102,1627661
6/02/2020,34,34,33.110001,33.130001,31.259029,1489209
7/02/2020,33.139999,33.5,32.799999,33.169998,31.296768,1150634
10/02/2020,33.310001,33.389999,32.849998,32.974998,31.11278,2672272
11/02/2020,33.049999,33.990002,32.950001,33.849998,31.938368,2234630
12/02/2020,33.990002,34.59,33.849998,34.080002,32.155384,3007164
13/02/2020,33.68,33.880001,33.02,33.740002,31.834583,1847933
14/02/2020,33.889999,33.889999,32.799999,32.93,31.070322,1475605
17/02/2020,33.139999,33.189999,32.75,32.900002,31.042019,270414
18/02/2020,32.950001,33.060001,32.25,32.419998,30.589125,1198202
19/02/2020,32.529999,32.720001,31.65,31.73,29.938091,1450857
20/02/2020,31.709999,31.969999,30.709999,30.9,29.154966,4030238
21/02/2020,30.889999,32.279999,30.879999,32.119999,30.306065,7184008
24/02/2020,31.549999,32.400002,31.139999,32.310001,30.485338,2002179
25/02/2020,32.34,32.349998,31.35,31.4,29.626728,2827599
26/02/2020,31.6,32.25,31.32,31.530001,29.749386,3400491
27/02/2020,31.360001,31.85,29.809999,30.129999,28.428448,4199504
28/02/2020,29.58,31,28.84,29.690001,28.013298,7688073
2/03/2020,29.690001,31.389999,29.690001,30.84,29.098354,5837332
3/03/2020,30.780001,32.490002,30.559999,31.16,29.40028,5631399
4/03/2020,31.43,32.349998,31.129999,32.02,30.211716,1666815
5/03/2020,32.029999,32.029999,30.860001,30.940001,29.192707,2651280
6/03/2020,30.799999,30.799999,29.75,29.9,28.211439,2673676
9/03/2020,29.01,29.139999,26.540001,26.950001,25.428036,3569877
10/03/2020,27.77,28.629999,27.01,28.110001,26.522526,3050974
11/03/2020,27.77,28.6,27.6,27.950001,26.371563,4021860
12/03/2020,27.4,29.360001,26,28.07,26.484785,7471651
13/03/2020,28.9,30.82,28.41,29.49,27.824594,6789659
17/03/2020,29.280001,31.99,28.110001,31.459999,29.68334,5808026
18/03/2020,30.77,32.790001,30.25,31.030001,29.277622,4471090
19/03/2020,31.219999,31.709999,29.629999,31.610001,29.824869,2933909
20/03/2020,31.65,31.67,30.02,30.4,28.683201,13387132
23/03/2020,30.26,30.690001,29.200001,29.549999,27.881203,3582386
24/03/2020,29.549999,32.279999,29.549999,31.99,30.183407,4929434
25/03/2020,31.950001,35.529999,31.01,34.400002,32.45731,4564380
26/03/2020,34.5,36.07,34.400002,35.790001,33.76881,3440889
27/03/2020,34.689999,34.689999,30.120001,31.57,29.787127,5858481
30/03/2020,31.700001,35.380001,31.01,34.279999,32.344086,4151515
31/03/2020,34.279999,35.810001,33.720001,34.48,32.532787,8258993
1/04/2020,33.889999,34.400002,32.209999,32.75,30.90049,9270764
2/04/2020,32.990002,34.389999,32.5,33.220001,31.343946,1821794
3/04/2020,33.450001,33.610001,30.360001,31.51,29.730516,4354487
6/04/2020,32,32.5,31.41,31.67,29.881479,2644588
7/04/2020,32.25,33.779999,32.220001,32.720001,30.872185,3270371
8/04/2020,32.799999,33.669998,31.700001,33.459999,31.570391,1465132
13/04/2020,33.599998,33.650002,32.02,32.290001,30.466467,4988198
14/04/2020,32.84,33.689999,32.220001,33.650002,31.749664,1779181
15/04/2020,33.459999,33.459999,32.330002,32.509998,30.67404,7988213
16/04/2020,32.669998,32.939999,31.5,32.23,30.409855,2742478
17/04/2020,32.599998,33.700001,32.599998,33.470001,31.579826,1918475
20/04/2020,33.43,33.43,31.76,31.92,30.117361,2626101
21/04/2020,31.790001,32.66,31.6,32.380001,30.551384,1754760
22/04/2020,32.889999,33.220001,32.150002,32.75,30.90049,1323590
23/04/2020,32.84,33.299999,31.790001,31.91,30.107927,1928187
24/04/2020,32.48,33.040001,31.959999,32.630001,30.787266,2469184
27/04/2020,32.549999,33.330002,32.549999,33.150002,31.277899,2679095
28/04/2020,33.650002,37,33.48,36.48,34.419838,5799453
29/04/2020,36.48,36.57,34.82,34.91,32.938503,2661042
30/04/2020,35.169998,36.040001,34.650002,35.59,33.580105,3965163
4/05/2020,35.169998,36.41,34.060001,36.099998,34.061306,3192036
5/05/2020,35.860001,36.369999,35.380001,35.68,33.66502,1261458
6/05/2020,36.02,36.02,34.700001,34.950001,32.976246,2446093
7/05/2020,35,35.290001,34.599998,34.869999,32.900764,4267579
8/05/2020,34.849998,35,34.310001,34.5,33.025204,4051264
11/05/2020,34.700001,36.540001,34.220001,36.330002,34.776978,2840940
12/05/2020,36.41,37.669998,35.959999,37.110001,35.52364,4652237
13/05/2020,37.110001,37.110001,35.860001,36.610001,35.04501,2408390
14/05/2020,36.400002,36.400002,35.009998,35.669998,34.145191,4106602
15/05/2020,35.66,36,35.18,35.599998,34.078182,2562650
18/05/2020,35.959999,37.18,35.959999,37,35.418335,2956431
19/05/2020,36.91,37,35.57,35.990002,34.451515,2358753
20/05/2020,36.099998,36.189999,35,35.880001,34.346214,2943218
21/05/2020,35.580002,35.889999,35.040001,35.689999,34.164337,3919161
22/05/2020,35.400002,35.709999,35.119999,35.540001,34.020752,1872133
25/05/2020,35.549999,35.549999,35.209999,35.259998,33.75272,377590
26/05/2020,35.52,36.639999,35.43,35.830002,34.298355,1945269
27/05/2020,36.099998,36.369999,35.470001,36.029999,34.489799,4349349
28/05/2020,36.150002,36.150002,35.029999,35.130001,33.628277,3625694
29/05/2020,35.139999,35.139999,34.279999,34.669998,33.187935,6721105
1/06/2020,34.799999,36.700001,34.310001,36.389999,34.834412,3495999
2/06/2020,36.369999,38.099998,36.040001,37.040001,35.456631,6172602
3/06/2020,37.02,37.73,36.369999,36.560001,34.99715,4362468
4/06/2020,36.560001,36.880001,35.610001,35.860001,34.327072,3554180
5/06/2020,36.400002,37.610001,35.16,35.27,33.762295,3749518
8/06/2020,35.369999,36.48,35.240002,36.259998,34.709965,3788769
9/06/2020,36,36.02,35.25,35.560001,34.039898,3039180
10/06/2020,35.630001,36,35.18,35.330002,33.819729,3246592
11/06/2020,35.200001,35.599998,34.389999,34.509998,33.034775,2810719
12/06/2020,35.490002,35.599998,34.540001,35.09,33.589985,2615548
15/06/2020,35.040001,35.5,34.720001,35.16,33.656994,5542327
16/06/2020,35.450001,36.16,35.16,35.650002,34.126049,3700880
17/06/2020,35.84,37.66,35.84,37.540001,35.935253,5727050
18/06/2020,37.110001,37.759998,36.349998,37.02,35.437485,5092148
19/06/2020,37.279999,38,36.630001,37.830002,36.212856,14585108
22/06/2020,37.799999,38.700001,37.48,38.52,36.873363,6384487
23/06/2020,39.029999,40.02,37.549999,39.48,37.79232,5076422
24/06/2020,39.150002,39.560001,38.330002,38.990002,37.323269,3668000
25/06/2020,38.990002,39.759998,38.110001,39.240002,37.562584,2612160
26/06/2020,39.419998,40.060001,38.740002,39.470001,37.782749,5021454
29/06/2020,39.720001,39.720001,38.77,38.970001,37.304127,1410484
30/06/2020,38.82,39,38.23,38.470001,36.8255,2809455
1/07/2020,38.360001,39.369999,38.16,38.990002,37.323269,2971643
2/07/2020,39.470001,39.779999,38.849998,39,37.33284,2637525
3/07/2020,38.630001,38.959999,38.310001,38.84,37.17968,453468
6/07/2020,39.02,39.459999,38.189999,39.119999,37.447708,2759530
7/07/2020,38.599998,39.900002,38.240002,39.52,37.830616,3227482
8/07/2020,39.82,39.82,38.119999,38.439999,36.79678,5014191
9/07/2020,38.509998,38.610001,36.98,37.369999,35.772522,2569732
10/07/2020,37.310001,37.900002,36.849998,37.509998,35.906532,1421657
13/07/2020,37.66,37.880001,36.799999,37,35.418335,2055798
14/07/2020,36.919998,37.049999,36.099998,36.189999,34.642963,1573373
15/07/2020,36.23,36.759998,35.509998,35.799999,34.269634,2263388
16/07/2020,35.799999,36.689999,35.459999,35.82,34.288784,2493395
17/07/2020,35.970001,36.990002,35.720001,36.360001,34.805698,1567499
20/07/2020,36.450001,36.970001,35.900002,36.220001,34.67168,1554028
21/07/2020,36.400002,37.32,36.400002,36.77,35.19817,1968105
22/07/2020,36.950001,37.59,36.580002,37.369999,35.772522,2432346
23/07/2020,37.209999,37.959999,36.799999,37.779999,36.164993,1706813
24/07/2020,37.889999,39,37.799999,38.939999,37.275406,2348838
27/07/2020,38.849998,39.400002,38.18,39.209999,37.533863,1730303
28/07/2020,40.259998,44.93,40.259998,44.73,42.817894,6705083
29/07/2020,44.509998,45,42,42.130001,40.329041,3279775
30/07/2020,42.119999,42.119999,40.630001,40.93,39.18034,3461556
31/07/2020,41.060001,41.099998,39.810001,40.09,38.376247,5299550
3/08/2020,40.509998,41.59,39.709999,41.290001,39.524952,3261629
4/08/2020,41.490002,41.490002,40.84,41.130001,39.371792,2281948
5/08/2020,41.139999,42.419998,41.139999,41.73,39.946144,2375101
6/08/2020,41.700001,41.700001,40.5,40.709999,38.969742,2886021
7/08/2020,40.84,41.150002,39.98,40.040001,38.328384,1681559
10/08/2020,40.290001,41.630001,40.23,41.549999,39.773838,1894261
11/08/2020,41.700001,42.200001,41.32,41.619999,39.840847,1468836
12/08/2020,41.880001,41.91,40.700001,41.299999,39.534523,1864552
13/08/2020,41.349998,41.639999,40.84,41.299999,39.534523,1699781
14/08/2020,41.299999,41.5,40.869999,41.450001,39.678112,4075170
17/08/2020,41.59,43.77,41.59,43.59,41.726631,4263569
18/08/2020,43.700001,44.900002,42.950001,44.830002,42.913624,3619644
19/08/2020,44.810001,45.48,43.580002,44.860001,42.942341,3719391
20/08/2020,45,45,43.200001,43.650002,41.784069,2789498
21/08/2020,43.790001,44.299999,42.880001,42.959999,41.123562,2113351
24/08/2020,43.169998,43.189999,41.900002,42.060001,40.262032,2643622
25/08/2020,42.189999,44,42.189999,43.799999,41.92765,3191284
26/08/2020,43.869999,43.869999,42.799999,43.07,41.228859,1980072
27/08/2020,43.32,43.470001,42.669998,43.029999,41.190571,2682883
28/08/2020,42.900002,42.900002,41.849998,41.970001,40.17588,1581249
31/08/2020,42,42,40.27,40.419998,38.692139,5504015
1/09/2020,40.419998,42.200001,40.400002,42.080002,40.281181,3606718
2/09/2020,42.43,42.700001,41.02,41.200001,39.438797,3018543
3/09/2020,41.209999,41.259998,40.009998,40.259998,38.538982,1929977
4/09/2020,40.220001,40.970001,39.650002,40.080002,38.36668,1693069
7/09/2020,41,41.439999,40.619999,41.189999,39.429226,269582
8/09/2020,41.150002,41.150002,39.389999,40.099998,38.385818,3205605
9/09/2020,40.02,41.450001,40.02,40.959999,39.209053,2187791
10/09/2020,41,41.200001,39.810001,40.009998,38.299667,1587247
11/09/2020,40.439999,40.439999,38.91,39.630001,37.935913,2206099
14/09/2020,39.990002,40.950001,39.529999,40.099998,38.385818,2039622
15/09/2020,39.860001,40.389999,39.650002,39.919998,38.213512,1170848
17/09/2020,39.799999,39.799999,38.5,38.889999,37.227543,1906278
18/09/2020,39.02,39.02,37.02,37.41,35.81081,9915470
21/09/2020,37.52,39.790001,36.990002,39.09,37.418995,2781133
22/09/2020,39.27,40.220001,38.299999,39.709999,38.012493,3737457
23/09/2020,39.919998,40.279999,39.009998,39.740002,38.04121,1532467
24/09/2020,39.830002,40.700001,39.16,39.380001,37.696598,2035567
25/09/2020,39.400002,40.110001,39.029999,39.619999,37.926338,1644009
28/09/2020,40.080002,40.09,39.290001,39.900002,38.19437,2384557
29/09/2020,40.049999,41.150002,39.959999,40.919998,39.170765,1655149
30/09/2020,40.919998,41.790001,40.509998,41.369999,39.601532,2707551
1/10/2020,41.299999,41.299999,39.07,39.310001,37.629593,2889880
2/10/2020,39,39.490002,38.799999,38.939999,37.275406,1080823
5/10/2020,38.939999,39.799999,38.939999,39.470001,37.782749,2013142
6/10/2020,39.330002,39.849998,39.060001,39.240002,37.562584,1149433
7/10/2020,39.43,40.799999,39.43,40.59,38.85487,2449061
8/10/2020,40.509998,41.990002,40.5,41.549999,39.773838,2435282
9/10/2020,41.450001,42.490002,41.130001,41.549999,39.773838,810953
12/10/2020,41.799999,42.029999,40.110001,40.59,38.85487,3149820
13/10/2020,40.669998,41.68,40.5,40.740002,38.998463,1087284
14/10/2020,40.900002,41.490002,40.75,41.349998,39.582386,1819317
15/10/2020,41.34,41.419998,40.799999,41.25,39.486664,2021830
16/10/2020,41.32,42.43,41.080002,41.189999,39.429226,1227395
19/10/2020,41.220001,41.849998,40.900002,41.189999,39.429226,2322373
20/10/2020,41.549999,42.240002,41.060001,41.400002,39.630249,2182550
21/10/2020,41.400002,42.939999,41.400002,42.32,40.510918,2074872
22/10/2020,43,43.93,41.200001,41.310001,39.544098,4481034
23/10/2020,41.52,41.900002,40.560001,41.290001,39.524952,2719567
26/10/2020,41.400002,42.799999,41.060001,42.400002,40.587502,1987884
27/10/2020,42.459999,43.990002,42.419998,43.459999,41.602188,2925981
28/10/2020,43.07,43.720001,42,42.779999,40.951256,2137006
29/10/2020,43.040001,43.040001,40.509998,40.650002,38.912308,2283334
30/10/2020,40.560001,41.200001,40.389999,40.990002,39.237778,3417640
3/11/2020,41.049999,42.57,40.380001,41.66,39.879135,2978408
4/11/2020,41.5,42.720001,41.09,42.049999,40.25246,1567235
5/11/2020,42.369999,42.990002,41.66,42.34,40.530064,2949559
6/11/2020,42.59,42.849998,41.169998,41.790001,40.003574,2398881
9/11/2020,42.470001,43.02,40.900002,41.169998,39.41008,4021605
10/11/2020,41.200001,43.709999,41.200001,42.939999,41.104416,3607302
11/11/2020,43.32,43.5,42.34,43.02,41.181,1999892
12/11/2020,42.900002,43.939999,42.439999,43.73,41.860645,1584510
13/11/2020,43.849998,43.919998,42.16,43.490002,41.630905,2614047
17/11/2020,43.849998,45.330002,43.5,45.09,43.162506,4655198
18/11/2020,45.200001,45.200001,44.060001,44.759998,42.846615,3179798
19/11/2020,44.759998,44.759998,43.060001,43.150002,41.305443,3139653
20/11/2020,43.330002,43.330002,41.779999,41.91,40.118446,3691225
23/11/2020,42.130001,42.830002,41.810001,42.73,40.903397,1558199
24/11/2020,42.990002,43.389999,42.27,42.810001,40.979977,2410936
25/11/2020,42.970001,43.860001,42.34,42.5,40.683224,2305040
26/11/2020,42.459999,43.049999,42.400002,43,41.161854,1535755
27/11/2020,42.900002,43.700001,42.810001,43.130001,41.286297,961884
30/11/2020,43.23,43.310001,42.610001,42.759998,40.93211,10153714
1/12/2020,42.810001,43.240002,42.5,42.799999,40.970402,2492005
2/12/2020,42.900002,43.950001,42.669998,43.82,41.946796,4247758
3/12/2020,43.720001,44.349998,43.110001,43.459999,41.602188,1654910
4/12/2020,43.759998,44.169998,43,43.48,41.62133,1394727
7/12/2020,43.639999,43.830002,42.25,42.91,41.075703,2248171
8/12/2020,42.880001,43.540001,42.330002,42.939999,41.104416,1947855
9/12/2020,43.040001,43.049999,42.349998,42.540001,40.721519,1357791
10/12/2020,42.830002,43.43,42,42.040001,40.242889,2268251
11/12/2020,42.099998,42.549999,42,42.040001,40.242889,1995065
14/12/2020,42.209999,43,42.080002,42.919998,41.085274,3423969
15/12/2020,42.919998,43.18,42.389999,42.849998,41.018265,1898644
16/12/2020,43.16,43.619999,42.52,43.049999,41.209713,1619029
17/12/2020,42.959999,43.75,42.84,43.389999,41.535179,2987793
18/12/2020,43.5,43.5,42.150002,43.029999,41.190571,10605622
21/12/2020,42.610001,42.900002,41.830002,41.970001,40.17588,1865873
22/12/2020,42.200001,42.650002,41.91,42.139999,40.338612,1671458
23/12/2020,42.16,43.360001,42.130001,43.25,41.401161,1136563
24/12/2020,42.779999,43.400002,42.549999,42.59,40.769379,427022
28/12/2020,42.700001,43.25,42.599998,43.07,41.228859,732004
29/12/2020,43.07,43.799999,43.07,43.709999,41.841499,1394040
30/12/2020,43.799999,44.529999,43.150002,43.209999,41.362877,1214534
31/12/2020,43.240002,43.75,43.080002,43.240002,41.39159,641357
4/01/2021,43.139999,44.240002,42.66,42.849998,41.018265,1489296
5/01/2021,42.799999,43.369999,42.720001,43.049999,41.209713,2186080
6/01/2021,43.41,44.450001,42.799999,42.919998,41.085274,2699195
7/01/2021,43.360001,43.950001,42.91,43.52,41.659622,2124440
8/01/2021,43.619999,44.419998,43.16,43.360001,41.506462,2843083
11/01/2021,43.419998,44.150002,43,43.669998,41.803207,1889780
12/01/2021,43.900002,44.200001,42.939999,43.119999,41.276722,1836083
13/01/2021,43.220001,43.549999,42.619999,43.349998,41.496887,2255702
14/01/2021,43.459999,43.48,42.560001,42.669998,40.845959,1849104
15/01/2021,42.880001,42.889999,42.27,42.57,40.750233,1854679
18/01/2021,42.540001,43.450001,42.540001,43.23,41.382019,345679
19/01/2021,43.16,43.23,42.400002,42.599998,40.77895,2399283
20/01/2021,42.75,43.18,42.32,42.98,41.142708,3184238
21/01/2021,43.200001,43.240002,42.490002,42.549999,40.731091,2300680
22/01/2021,42.610001,42.610001,42.009998,42.16,40.357758,2153169
25/01/2021,42.470001,42.75,41.830002,42.25,40.443909,1704248
26/01/2021,42.169998,42.23,41.900002,41.98,40.185455,2367970
27/01/2021,41.84,42.009998,40.279999,40.48,38.749573,3829971
28/01/2021,40.48,40.549999,39.860001,40.130001,38.414539,2208390
29/01/2021,40,40,38.419998,38.52,36.873363,4920444
2/02/2021,39.689999,40.540001,39.029999,40.060001,38.347534,3654995
3/02/2021,40.049999,40.400002,39.439999,40.150002,38.433685,3306987
4/02/2021,40.150002,40.509998,39.919998,39.990002,38.280525,3251822
5/02/2021,40,40.27,39.509998,39.549999,37.859329,1183445
8/02/2021,39.560001,40,39.25,39.490002,37.801899,1304302
9/02/2021,39.549999,40,39.380001,39.700001,38.002922,1890583
10/02/2021,39.799999,40,39.529999,39.66,37.964626,1742918
11/02/2021,39.759998,39.990002,38.82,39.200001,37.524292,3089497
12/02/2021,39.220001,39.650002,39.060001,39.16,37.486,866965
15/02/2021,39.16,39.52,38.91,39.110001,37.438137,223002
16/02/2021,39.009998,39.599998,38.810001,38.990002,37.323269,1896382
17/02/2021,39.080002,39.330002,38.540001,38.860001,37.198826,3207583
18/02/2021,38.799999,39.189999,38.209999,38.330002,36.691486,3419534
19/02/2021,38.349998,38.779999,38.130001,38.360001,36.7202,3216518
22/02/2021,38.32,38.619999,37.07,37.099998,35.514065,3162030
23/02/2021,37.27,38.200001,37.099998,38.029999,36.404308,4941628
24/02/2021,37.779999,39.119999,37.599998,38.860001,37.198826,3375879
25/02/2021,39.07,41.099998,38.009998,38.130001,36.500034,9044432
26/02/2021,38.25,40,38.169998,39.299999,37.620014,8877882
1/03/2021,39.580002,40.259998,39.07,39.700001,38.002922,4887884
2/03/2021,39.619999,40.990002,39.619999,40.59,38.85487,2871120
3/03/2021,40.900002,41.32,40.73,40.790001,39.046326,3203773
4/03/2021,41,41.490002,40.509998,40.619999,38.883591,3709624
5/03/2021,40.82,41.700001,40.82,41.48,39.706829,2578313
8/03/2021,41.400002,42.09,41.029999,41.810001,40.022724,3625172
9/03/2021,42.009998,42.5,41.810001,42.369999,40.558781,3773104
10/03/2021,42.380001,43,42.240002,42.75,40.922539,4207932
11/03/2021,42.810001,43.799999,42.810001,43.209999,41.362877,3472095
12/03/2021,43,43.200001,42.509998,43.029999,41.190571,1941303
16/03/2021,43.009998,44.299999,43.009998,43.91,42.032951,3492633
17/03/2021,43.779999,44.200001,43.549999,43.619999,41.755344,3152368
18/03/2021,43.700001,44.25,43.450001,43.580002,41.71706,2031476
19/03/2021,43.389999,43.689999,42.450001,42.919998,41.085274,12755177
22/03/2021,42.98,44.099998,42.040001,42.130001,40.329041,1766979
23/03/2021,42.310001,43.16,42.040001,42.529999,40.711941,2690821
24/03/2021,42.549999,43.740002,42.209999,43.259998,41.410732,3147277
25/03/2021,43.080002,44.189999,42.400002,43.119999,41.276722,2458433
26/03/2021,43.470001,43.57,42.59,42.709999,40.884247,1267070
29/03/2021,43.099998,44.400002,42.84,44.220001,42.3297,2179268
30/03/2021,44.169998,44.169998,42.759998,42.889999,41.056553,1920659
31/03/2021,43.200001,43.200001,42.5,42.900002,41.066132,1756246
5/04/2021,43.330002,43.880001,42.900002,43.049999,41.209713,1165293
6/04/2021,43.049999,43.080002,42.41,42.580002,40.759808,1467664
7/04/2021,42.150002,42.790001,42.150002,42.439999,40.62579,2487959
8/04/2021,42.34,42.75,42.049999,42.139999,40.338612,2652730
9/04/2021,42.139999,42.59,41.959999,42.09,40.290752,1937459
12/04/2021,41.950001,42.57,41.560001,41.919998,40.128017,1603886
13/04/2021,41.950001,42.279999,41.529999,41.599998,39.821697,2045378
14/04/2021,42.23,42.23,41.700001,41.869999,40.080154,2044734
15/04/2021,41.799999,42.209999,41.68,41.880001,40.089725,2836412
16/04/2021,41.959999,42.049999,41.540001,41.68,39.898281,1667479
19/04/2021,41.970001,41.970001,40.849998,41.040001,39.285637,2140415
20/04/2021,41.049999,41.900002,41.029999,41.799999,40.013149,3106895
21/04/2021,41.939999,42.959999,41.93,42.23,40.424767,3536593
22/04/2021,42.34,43,42.150002,42.619999,40.798092,2266740
23/04/2021,42.75,43.07,41.900002,42.040001,40.242889,2051581
26/04/2021,42.099998,42.16,41.509998,41.669998,39.888706,1692484
27/04/2021,41.950001,41.950001,40.869999,40.939999,39.189911,2203476
28/04/2021,41.049999,41.459999,40.950001,41.279999,39.515377,2807337
29/04/2021,41.799999,42.5,41.700001,41.830002,40.041866,3681306
30/04/2021,41.950001,42.040001,40.27,40.540001,38.807011,2391667
3/05/2021,40.68,41.540001,40.68,41.119999,39.362217,750598
4/05/2021,41.119999,41.349998,40.93,41.209999,39.448368,2241679
5/05/2021,41.209999,41.41,40.869999,40.93,39.18034,1467072
6/05/2021,41.189999,41.400002,40.799999,41.029999,39.276062,2009082
7/05/2021,41.27,41.48,40.900002,41.099998,39.343071,1288151
10/05/2021,41.049999,41.290001,40.5,40.650002,38.912308,1879217
11/05/2021,40.490002,40.759998,40.360001,40.509998,38.778294,1119566
12/05/2021,40.669998,40.669998,40.400002,40.5,38.768719,983148
13/05/2021,40.200001,40.310001,39.490002,39.779999,39.043533,3783902
14/05/2021,39.889999,40,38.950001,39.009998,38.287792,1920617
17/05/2021,39.029999,39.849998,39.029999,39.5,38.768719,3592631
18/05/2021,39.779999,40.84,39.57,39.900002,39.161316,7017020
19/05/2021,39.869999,40.299999,39.349998,40.029999,39.288906,5254547
20/05/2021,40.380001,41,39.810001,40.790001,40.03484,5252097
21/05/2021,40.810001,41.299999,39.66,40.02,39.279095,2352175
24/05/2021,40.029999,40.799999,40.029999,40.5,39.750206,2517711
25/05/2021,40.540001,41.950001,40.27,41.25,40.486324,3751413
26/05/2021,41.380001,43.200001,41.380001,42.549999,41.762257,4617220
27/05/2021,42.75,43.709999,42.110001,43.240002,42.43948,9496829
28/05/2021,43.59,43.59,42.369999,43.290001,42.488556,4907601
31/05/2021,42.720001,44,42.720001,43.849998,43.038185,1622745
1/06/2021,43.860001,44.5,43.490002,43.560001,42.753555,1926263
2/06/2021,43.73,44.470001,43.580002,43.689999,42.881149,3784048
3/06/2021,43.619999,44.450001,43.619999,44.200001,43.38171,2952584
4/06/2021,44.299999,44.299999,43.580002,43.75,42.940037,2480587
7/06/2021,43.73,44.540001,43.259998,44.259998,43.440594,3129636
8/06/2021,44.27,45.389999,44.009998,45.27,44.431896,3206201
9/06/2021,45.07,45.580002,44.630001,45.25,44.41227,1814029
10/06/2021,45.389999,45.799999,44.599998,44.740002,43.911713,1666830
11/06/2021,44.93,44.959999,44.16,44.5,43.676155,1268571
14/06/2021,44.32,45.299999,44.299999,44.630001,43.803749,1097699
15/06/2021,44.849998,45.27,44.400002,44.810001,43.980415,1563036
16/06/2021,43.900002,45.09,43.900002,44.880001,44.049122,1704566
17/06/2021,45,45.220001,43.830002,44.02,43.20504,1595703
18/06/2021,44.029999,44.279999,43.400002,44.169998,43.352261,5540202
21/06/2021,44.200001,44.389999,43.02,43.810001,42.998928,1995991
22/06/2021,43.860001,44.09,43.119999,43.84,43.028374,1358705
23/06/2021,43.619999,44.27,43.27,43.419998,42.616146,1533292
24/06/2021,43.470001,44.400002,43.25,43.939999,43.126518,1714711
25/06/2021,43.790001,44.43,43.369999,43.830002,43.018559,1928453
28/06/2021,43.939999,43.959999,43.299999,43.650002,42.841892,853696
29/06/2021,43.43,44.200001,43.330002,43.66,42.851707,1458788
30/06/2021,43.779999,44.080002,43.400002,43.889999,43.077446,1934933
1/07/2021,43.950001,44.150002,43.459999,43.77,42.959671,682541
2/07/2021,43.630001,44.150002,43.299999,43.380001,42.576889,663079
5/07/2021,43.580002,44.439999,43.5,43.810001,42.998928,399346
6/07/2021,43.970001,43.990002,43,43.639999,42.832073,1318495
7/07/2021,43.799999,45.389999,43.369999,45.189999,44.353378,2877683
8/07/2021,44.959999,45.209999,44.200001,44.360001,43.538746,1686600
9/07/2021,44.200001,45.25,44.200001,45.130001,44.294491,4045741
12/07/2021,45.130001,45.66,44.549999,44.619999,43.79393,1032394
13/07/2021,44.790001,45.110001,44,44.240002,43.420967,1494300
14/07/2021,44.23,44.23,43.02,43.619999,42.812443,2391207
15/07/2021,43.91,45.880001,43.700001,45.139999,44.304306,2651777
16/07/2021,45.200001,46,44.509998,44.869999,44.039303,1201506
19/07/2021,44.599998,45.169998,43.07,44.84,44.009857,4607010
20/07/2021,45.040001,45.040001,43.5,43.740002,42.930225,801060
21/07/2021,43.98,44.59,43.82,44.419998,43.597633,770357
22/07/2021,44.419998,45.060001,44.07,44.790001,43.960785,844150
23/07/2021,44.779999,44.889999,44.299999,44.790001,43.960785,303862
26/07/2021,44.75,45.93,44.75,45.34,44.500603,1283770
27/07/2021,45.02,45.900002,45,45.669998,44.82449,1177649
28/07/2021,45.259998,45.639999,44.529999,45.060001,44.225788,910871
29/07/2021,45.630001,47.48,45.630001,46.740002,45.874687,3093645
30/07/2021,46.560001,46.84,45.16,45.880001,45.030609,2179226
2/08/2021,46.200001,49.049999,46.200001,47.709999,46.826725,2635912
3/08/2021,47.580002,48.68,47.18,48.330002,47.435249,2696378
4/08/2021,48.580002,49.25,47.889999,48.75,47.847469,2418513
5/08/2021,48.610001,49.16,48.02,48.400002,47.503952,1827915
6/08/2021,48.200001,49.240002,48.099998,49,48.092842,3115672
9/08/2021,49.220001,49.599998,49,49.439999,48.524696,1666394
10/08/2021,49.599998,49.84,49,49.16,48.249878,893180
11/08/2021,49.220001,49.889999,48.880001,49.689999,48.770069,1729939
12/08/2021,49.57,49.66,48.849998,48.950001,48.04377,2956748
13/08/2021,49.040001,49.41,48.450001,48.889999,47.984879,2376505
16/08/2021,48.099998,49.900002,48.099998,49.630001,48.711182,1542843
17/08/2021,49.599998,51.59,49.5,51.43,50.477856,3461749
18/08/2021,51.5,53.5,50.639999,50.990002,50.046005,23647418
19/08/2021,51.169998,51.169998,49.18,49.810001,48.887848,3643167
20/08/2021,50.029999,50.98,49.490002,49.82,48.897663,1660919
23/08/2021,50.049999,50.200001,49.700001,49.93,49.005627,1351898
24/08/2021,49.990002,49.990002,48.959999,49.299999,48.387287,1697446
25/08/2021,49.580002,49.830002,49,49.029999,48.122288,1503940
26/08/2021,49.099998,49.98,49,49.68,48.760254,2914136
27/08/2021,49.880001,49.990002,49.349998,49.700001,48.779884,1997508
30/08/2021,49.68,49.990002,49.360001,49.82,48.897663,1450710
31/08/2021,49.950001,51,49.709999,50.82,49.87915,7518091
1/09/2021,51.049999,51.099998,50.509998,50.650002,49.712296,1538114
2/09/2021,50.650002,50.990002,49.790001,50.369999,49.437481,1356120
3/09/2021,50.380001,50.720001,49.099998,49.41,48.495251,1019270
6/09/2021,49.700001,50.459999,49.139999,49.970001,49.044884,251566
7/09/2021,50,50,49.119999,49.450001,48.534515,1446527
8/09/2021,49.279999,50.43,49.279999,49.77,48.848591,2479372
9/09/2021,49.779999,50.290001,49.389999,50.080002,49.152851,1486978
10/09/2021,50.099998,50.700001,49.830002,50.310001,49.378593,1805681
13/09/2021,50.380001,51.77,50.380001,51.34,50.389523,2071367
14/09/2021,51.950001,55.650002,51.529999,55.299999,54.276207,5235054
15/09/2021,55.23,56.52,54.529999,56,54.963249,4585933
17/09/2021,56.060001,56.400002,54.959999,56.23,55.188992,7961491
20/09/2021,56,58.439999,55,57.91,56.837891,3339588
21/09/2021,58.009998,58.799999,57.369999,57.880001,56.808445,2672075
22/09/2021,58,58.740002,57.400002,58.279999,57.201038,1365165
23/09/2021,58.41,58.59,57.119999,58.310001,57.230484,1558505
24/09/2021,58.369999,58.369999,56,56.619999,55.57177,1706650
27/09/2021,56.380001,56.75,55.990002,56.310001,55.267513,1596169
28/09/2021,56.400002,57.169998,54.869999,55.32,54.295841,1814963
29/09/2021,55.450001,58.990002,54.759998,57.830002,56.759373,6692032
30/09/2021,58.200001,58.299999,56.389999,58.040001,56.965485,3883876
1/10/2021,57.77,58.139999,56.700001,57.299999,56.239182,1921304
4/10/2021,57.299999,58.049999,56.099998,57.290001,56.22937,1517650
5/10/2021,57.169998,58.75,56.720001,57.98,56.906593,1709343
6/10/2021,57.720001,60.380001,57.310001,59.34,58.241417,2570345
7/10/2021,59.639999,60.889999,57.919998,58.299999,57.220665,2961013
8/10/2021,58.450001,59.66,57.689999,58.75,57.662338,1347719
11/10/2021,58.599998,58.630001,56.650002,57.59,56.523815,2377275
12/10/2021,58.580002,58.580002,55.32,55.540001,54.511765,3198356
13/10/2021,55.810001,57.110001,55.59,56.869999,55.817142,1864268
14/10/2021,57.009998,58,56.5,57.169998,56.111588,966657
15/10/2021,57.689999,58.299999,57.099998,57.880001,56.808445,1976914
18/10/2021,58.369999,59.959999,57.970001,59.630001,58.526047,1931231
19/10/2021,59.779999,59.860001,57.02,57.630001,56.563072,2436685
20/10/2021,57.790001,58.099998,57.240002,57.880001,56.808445,1979793
21/10/2021,57.599998,58.09,57.25,57.639999,56.572887,1510082
22/10/2021,57.599998,58.080002,55.939999,56.509998,55.463806,1433284
25/10/2021,56.619999,57.310001,56.529999,56.619999,55.57177,747296
26/10/2021,57.529999,57.950001,57.029999,57.439999,56.376587,3432125
27/10/2021,57.650002,57.82,57.060001,57.509998,56.445293,557474
28/10/2021,57.360001,57.689999,55.950001,56.279999,55.238064,1390363
29/10/2021,56.200001,61.299999,56.200001,60.939999,59.811794,3509512
1/11/2021,61.5,63.779999,61.349998,62.860001,61.696247,2583151
3/11/2021,63.09,64.610001,61.209999,61.98,60.832539,2842220
4/11/2021,61.990002,63.529999,60.619999,62.91,61.745323,3110866
5/11/2021,62.77,64.599998,62.700001,63.400002,62.226254,2699100
8/11/2021,63.610001,63.610001,61,61.209999,60.076794,1018953
9/11/2021,61.490002,62.990002,61.080002,62.82,61.656986,1988346
10/11/2021,63.130001,63.130001,60.919998,61.580002,60.439945,878999
11/11/2021,61.509998,61.900002,59.099998,59.66,58.555489,1346809
12/11/2021,59.889999,61.560001,59.119999,59.84,58.732155,2124146
16/11/2021,60.490002,62.389999,60.23,60.950001,59.821606,2584722
17/11/2021,61.279999,61.450001,60.299999,60.509998,59.389755,1191474
18/11/2021,60.709999,60.98,59.5,60.470001,59.350494,1481794
19/11/2021,60.700001,60.700001,57.82,58.16,57.083263,3123741
22/11/2021,58.380001,58.919998,55.889999,56.400002,55.355846,3718920
23/11/2021,55.25,56.330002,54.939999,55.650002,54.619728,4361841
24/11/2021,55.869999,57.459999,54.509998,56.419998,55.375473,3259548
25/11/2021,56.759998,56.849998,54.709999,55.049999,54.030838,713110
26/11/2021,54.77,54.779999,52.68,54.43,53.422314,2786167
29/11/2021,54.740002,55.619999,52.41,52.810001,51.832306,5324675
30/11/2021,52.439999,56.720001,52.439999,56.220001,55.179176,20778186
1/12/2021,56.59,57.830002,55.049999,56.139999,55.100655,7111939
2/12/2021,56.130001,56.700001,55.110001,56.310001,55.267513,3608216
3/12/2021,55.259998,57.889999,55.259998,56.830002,55.777885,2410993
6/12/2021,56.650002,57.799999,55.610001,56.209999,55.169361,3449980
7/12/2021,56.73,57.75,55.130001,57.59,56.523815,3117050
8/12/2021,57.549999,57.549999,53.880001,54.790001,53.77565,8578725
9/12/2021,54.919998,56.889999,54.900002,56.279999,55.238064,4221893
10/12/2021,58.470001,59.200001,56.66,58.400002,57.318821,3928582
13/12/2021,58.439999,58.439999,56.049999,56.830002,55.777885,2634756
14/12/2021,56.68,58.98,55.68,58.779999,57.691784,4136121
15/12/2021,58.549999,59.82,58.009998,59.48,58.378822,2520095
16/12/2021,59.630001,59.799999,58.099998,58.25,57.171593,2800194
17/12/2021,58.029999,61.990002,57.759998,61.470001,60.331982,8263844
20/12/2021,60.740002,63.900002,59.900002,62.880001,61.715878,2344523
21/12/2021,63.299999,63.869999,61.029999,61.150002,60.017906,1952430
22/12/2021,61.459999,62.869999,60.689999,62.66,61.49995,1775347
23/12/2021,62.57,62.580002,61.720001,62.130001,60.979763,1246572
24/12/2021,62.119999,62.880001,62.049999,62.810001,61.647175,32776
27/12/2021,62.77,63.189999,62.279999,62.84,61.676617,411116
28/12/2021,62.52,63.400002,62.029999,62.27,61.117172,1106618
29/12/2021,62.27,63.860001,61.91,62.130001,60.979763,866813
30/12/2021,62.279999,63.5,62.27,62.939999,61.774765,1048744
31/12/2021,62.830002,63.240002,62.450001,62.970001,61.804214,476638
